operation,mean,var
100,396.90262172284645,66048.81754949171
200,547.5355805243446,131237.2947818984
300,594.5555555555555,35465.74225526642
400,362.1549815498155,39340.36848435149
500,387.0634328358209,11646.583976186492
600,157.07894736842104,3355.7031777557127
700,476.1899641577061,86515.7443593513
800,265.0641509433962,6512.40117209834
900,184.1320754716981,1738.8165966198685
1000,299.52985074626866,18193.37363743081
8100,296.140625,194988.75768849207
